Course,Fall 2026,Winter 2027,Spring 2027,Summer 1,Summer 2
COGS 1,Barrera,Boyle,Deak,,
COGS 2,Boyle,,,,
COGS 3,,,,,
COGS 8,,,,,
COGS 9,Tomoschuk,Lai,,,
COGS 10,Fox,,Fox,,
COGS 11,Boroditsky,,,,
COGS 12,,,,,
COGS 13,,,Rossano,,
COGS 14A,Creel,Barrera,Barrera,,
COGS 14B,Walker,Walker,Walker,,
COGS 15,Bergen,,,,
COGS 17,Johnson,Johnson,Johnson,,
COGS 18 A00,Morgan,Morgan,Ellis,,
COGS 18 B00,Morgan,,,,
COGS 20,,,,,
COGS 87,,Deak,Deak,,
COGS 88,Rangel,Walker,Rangel,,
COGS 90,,,Staff,,
COGS 100,,Morgan,Morgan,,
COGS 101A,Barrera,Gepshtein,Morgan,,
COGS 101B,,,Walker,,
COGS 101C,,Cooperrider,,,
COGS 102A,,,,,
COGS 102B,,Fox,,,
COGS 102C,,,Fox,,
COGS 107A,Mooshagian,Mooshagian,Rangel,,
COGS 107B,,Nitz,Mooshagian,,
COGS 107C,,,Chiba,,
COGS 108 A00,Ellis,Fleischer,Tomoschuk,,
COGS 108 B00,Ellis,Fleischer,,,
COGS 109,Lai,Tomoschuk,Mukamel,,
COGS 110,,,,,
COGS 111,Walker,,,,
COGS 112,,Walker,,,
COGS 115,Deak,Deak,,,
COGS 116,Greene,,,,
COGS 117,Zettersten,,,,
COGS 118A,Tu,,Fleischer,,
COGS 118B,,,Fleischer,,
COGS 118C,,Mukamel,,,
COGS 118D,Lai,,Lai,,
COGS 119,,Zettersten,,,
COGS 120,,,,,
COGS 121,,,,,
COGS 122,,Dow,,,
COGS 123,Dow,,,,
COGS 124,,,,,
COGS 125,,,Klemmer,,
COGS 126,,,,,
COGS 127,,,Guo,,
COGS 128,Fox,,Ellis,,
COGS 137,Ellis,,,,
COGS 138,,Khosla,,,
COGS 142,,Rossano,,,
COGS 143,Johnson,,,,
COGS 144,,,Rossano,,
COGS 150,,,,,
COGS 151,,,Coulson,,
COGS 152,,,,,
COGS 153,,,,,
COGS 154,,,,,
COGS 155,Cooperrider,,,,
COGS 156,,Creel,,,
COGS 157,,,Creel,,
COGS 158,,,,,
COGS 160 A00,,Kirsh,Kirsh,,
COGS 160 B00,Saygin,,Saygin,,
COGS 163,,Boyle,,,
COGS 164,,,,,
COGS 165,Kiyonaga,,,,
COGS 169,,,,,
COGS 170,,,Rangel,,
COGS 171,Saygin,Saygin,Saygin,,
COGS 171GS,,,,,
COGS 172,,Greene,,,
COGS 173,,,,,
COGS 174,,,,,
COGS 174GS,,,,,
COGS 175,,,,,
COGS 176,,,,,
COGS 177,,Nitz,,,
COGS 178,,,,,
COGS 179,,,,,
COGS 180,,Lai,,,
COGS 181,,Tu,,,
COGS 182,,,,,
COGS 184,,,Johnson,,
COGS 185,,Tu,,,
COGS 186,,,,,
COGS 187A,Kirsh,,,,
COGS 187B,,Kirsh,,,
COGS 188,Fleischer,,,,
COGS 189,,de Sa,,,
COGS 193,,Fox,,,